{
 "general_memory": 19.022079467773438,
 "used_memory": 13.259113311767578,
 "free_memory": 4.7725372314453125,
 "free_space": 73.5
}